timestamp_utc,branch,updated_by,github_user,commit_sha,commit_message,update_notes,features,skipped_missing_latlon,coordinate_rows_updated,matched_existing,mapbox_geocoded,review_rows
2026-05-18T14:32:54+00:00,staging,Unknown / not provided,ITDeptAdmin,786b3dfa94f85ce39fc6b6cfd080496e95735b83,"Enhance workflow with update logging and inputs

Added inputs for updated_by and update_notes to workflow dispatch. Enhanced logging to include update log file information.",Enhance workflow with update logging and inputs,1702,0,0,0,0,0
2026-05-18T14:35:21+00:00,staging,Cody,ITDeptAdmin,5057a6b8b1af79f18c50bc1d9d4c0d1f578fc4ac,Updated by: Cody - test,test,1702,0,0,0,0,0
2026-05-18T14:39:28+00:00,staging,Unknown / not provided,ITDeptAdmin,706588fb2391aca580fdb30b23eeb8017237ee39,"Revise commit message format and patterns

Updated the recommended commit message format and added support for multiple patterns to match commit messages.",Revise commit message format and patterns,1702,0,0,0,0,0
2026-05-18T14:50:48+00:00,staging,cody fixing my testing changes,ITDeptAdmin,fb433ca4b4889e52640bb8a559a25cef46a36578,update cody fixing my testing changes,,1702,0,0,0,0,0
2026-05-18T14:57:54+00:00,main,Unknown / not provided,ITDeptAdmin,29f35ec255669c758917670c79a45c15428b09a0,"Merge pull request #1 from ITDeptAdmin/staging

Deploy Impact Map data workflow updates",Merge pull request #1 from ITDeptAdmin/staging,1702,0,0,0,0,0
2026-05-18T15:46:29+00:00,main,Unknown / not provided,ITDeptAdmin,fd0c17f712acfd87a870ced241e681a4433b292f,"May 18th, 2026 Data Update (Kent)","May 18th, 2026 Data Update (Kent)",1808,12,106,86,20,12
2026-05-18T16:34:46+00:00,main,print statement from 'Hello' to 'Goodbye',ITDeptAdmin,fa2c99f008732025a3995bfbf632232837727d11,Update print statement from 'Hello' to 'Goodbye',,1811,9,3,3,0,9
2026-05-18T16:36:59+00:00,main,Unknown / not provided,ITDeptAdmin,e4a703c9125bdbe0c2348b4df31cccf5cb552ae2,"Modify commit step to include build stats file

Updated the commit step to include build stats JSON file.",Modify commit step to include build stats file,1811,9,0,0,0,9
2026-05-18T16:59:28+00:00,main,fmt.Println message from 'Hello' to 'Goodbye',ITDeptAdmin,1a64ccbc9380078e0cefa741c5df9c581db382bf,Update fmt.Println message from 'Hello' to 'Goodbye',,1813,7,2,2,0,7
2026-05-18T17:38:31+00:00,main,Unknown / not provided,ITDeptAdmin,b42d0f2b149ac6a590d440d3a630ff73e22cc4bb,Improve geocode review suggestions,Improve geocode review suggestions,1813,7,0,0,0,7
2026-05-18T17:48:12+00:00,main,Master_Clinic_ImpactMap.csv,ITDeptAdmin,8f563877e8cb1d04aa3f8d59b319aa3aa774b283,Update Master_Clinic_ImpactMap.csv,,1814,6,1,1,0,6
2026-05-18T18:01:13+00:00,main,Unknown / not provided,ITDeptAdmin,a896f0eb2b141746678bc591d6c9a348573b3a68,Merge branch 'main' of https://github.com/ITDeptAdmin/ImpactMap,Merge branch 'main' of https://github.com/ITDeptAdmin/ImpactMap,1817,3,3,0,0,3
2026-05-18T18:03:00+00:00,main,Unknown / not provided,ITDeptAdmin,c0481e34856880b1261a36240a8ee42affd658ad,Manual workflow run,Manual workflow run,1817,3,0,0,0,3
2026-05-18T18:12:12+00:00,main,print statement from 'Hello' to 'Goodbye',ITDeptAdmin,0affc886e5ee2417f2704d5300b0bd97bef01d31,Update print statement from 'Hello' to 'Goodbye',,1820,0,0,0,0,0
2026-05-19T10:17:47+00:00,staging,Unknown / not provided,ITDeptAdmin,37ba72e0514ace77bc5d39e1dd5fbb4781039e5f,"Merge pull request #2 from ITDeptAdmin/main

getting staging with main",Merge pull request #2 from ITDeptAdmin/main,1820,0,0,0,0,0
2026-05-19T10:20:23+00:00,staging,Unknown / not provided,ITDeptAdmin,66889b0934091567c2f60eca3a682958706f6dd0,Merge branch 'staging' of https://github.com/ITDeptAdmin/ImpactMap into staging,Merge branch 'staging' of https://github.com/ITDeptAdmin/ImpactMap into staging,1820,0,0,0,0,0
2026-05-19T14:52:01+00:00,staging,Unknown / not provided,ITDeptAdmin,2f031530eb05fbe53f36a39a2cc49cd24b9647fc,v2 of dashboard,v2 of dashboard,1820,0,0,0,0,0
2026-05-19T17:51:30+00:00,staging,Unknown / not provided,ITDeptAdmin,b64fea08cfeacb3aa8e57158e99791b008c50ce8,Add files via upload,Add files via upload,1821,0,0,0,0,0
2026-05-19T17:55:27+00:00,staging,Unknown / not provided,ITDeptAdmin,14e56d069ccecf82866fd6283fc37e6f17a33db0,Add files via upload,Add files via upload,1820,2,0,0,0,2
2026-05-20T13:54:34+00:00,staging,Unknown / not provided,ITDeptAdmin,4ea5533a68c9bd34fb58d2d6019f96f653136582,updating the staging csv to the same as main,updating the staging csv to the same as main,1820,0,0,0,0,0
2026-05-20T14:18:59+00:00,staging,Master_Clinic_ImpactMap.csv,ITDeptAdmin,09fa8d241a571db9e162813ac140b697829bebaf,Update Master_Clinic_ImpactMap.csv,,1822,0,0,0,0,0
2026-05-20T14:28:24+00:00,staging,print statement from 'Hello' to 'Goodbye',ITDeptAdmin,c5e36c607956ac7e7939324e1d23104e2d406234,Update print statement from 'Hello' to 'Goodbye',,1822,0,2,2,0,0
2026-05-20T14:33:27+00:00,staging,Master_Clinic_ImpactMap.csv,ITDeptAdmin,dfcafce5f2702e8db55acca7213fbcaf6092e7f5,Update Master_Clinic_ImpactMap.csv,,1822,0,2,0,2,0
2026-05-20T15:03:58+00:00,staging,Unknown / not provided,ITDeptAdmin,25b618669202e43fe9823f4ee88496d6a4a4f551,Merge branch 'staging' of https://github.com/ITDeptAdmin/ImpactMap into staging,Merge branch 'staging' of https://github.com/ITDeptAdmin/ImpactMap into staging,1822,0,0,0,0,0
2026-05-20T15:06:32+00:00,staging,Master_Clinic_ImpactMap.csv,ITDeptAdmin,84bebe25739c5a73f1b695a6ccb488d70b9c1659,Update Master_Clinic_ImpactMap.csv,,1820,2,0,0,0,2
2026-05-20T15:34:32+00:00,staging,Unknown / not provided,ITDeptAdmin,97fb44cbe3a56895d59894c011a5dbff39d2ad99,"Merge pull request #5 from ITDeptAdmin/geocode-suggestion/row-1822

Approve geocode suggestion — Row 1822 — Event 1821",Merge pull request #5 from ITDeptAdmin/geocode-suggestion/row-1822,1821,1,0,0,0,1
2026-05-20T16:49:24+00:00,staging,print statement from 'Hello' to 'Goodbye',ITDeptAdmin,5fe0e755272d3f232ca59b4755c794ef49852ddd,Update print statement from 'Hello' to 'Goodbye',,1822,0,0,0,0,0
2026-05-20T17:26:27+00:00,staging,Master_Clinic_ImpactMap.csv,ITDeptAdmin,705d19f754e9e70c7234e8cdc71b0daf930201d5,Update Master_Clinic_ImpactMap.csv,,1820,0,0,0,0,0
2026-05-20T17:32:02+00:00,staging,Master_Clinic_ImpactMap.csv,ITDeptAdmin,1273fc7884f2f285e8f126c122331ab4b093f3b7,Update Master_Clinic_ImpactMap.csv,,1821,0,1,0,0,0
